{
"lengthUnit": "mil",
"remark": [],
"components": {
	"fields": ["COMPONENT_NO", "COMPONENT_NAME", "LAYER", "X_COORDINATE", "Y_COORDINATE", "ANGLE"],
	"rows": [
		[1, "LED1", "T", 1980, -660, 0],
		[2, "R1", "T", 3380, -380, 270],
		[3, "R2", "T", 3335, -705, 270],
		[4, "R3", "T", 3310, -1035, 270],
		[5, "R4", "T", 3245, -1340, 270],
		[6, "R5", "T", 490, -1850, 0],
		[7, "SW1", "T", 270, -2245, 90],
		[8, "U1", "T", 1979.8031, -1800, 0],
		[9, "PAD1", "T", 3380, -409.66, 0],
		[10, "PAD2", "T", 3380, -350.34, 0],
		[11, "PAD3", "T", 3335, -734.66, 0],
		[12, "PAD4", "T", 3335, -675.34, 0],
		[13, "PAD5", "T", 3310, -1064.66, 0],
		[14, "PAD6", "T", 3310, -1005.34, 0],
		[15, "PAD7", "T", 3245, -1369.66, 0],
		[16, "PAD8", "T", 3245, -1310.34, 0],
		[17, "PAD9", "T", 519.66, -1850, 0],
		[18, "PAD10", "T", 460.34, -1850, 0],
		[19, "PAD11", "T", 181.42, -2372.95, 0],
		[20, "PAD11", "B", 181.42, -2372.95, 0],
		[21, "PAD12", "T", 358.58, -2117.05, 0],
		[22, "PAD12", "B", 358.58, -2117.05, 0],
		[23, "PAD13", "T", 1679.8051, -2299.999, 0],
		[24, "PAD13", "B", 1679.8051, -2299.999, 0],
		[25, "PAD14", "T", 1779.8051, -2299.999, 0],
		[26, "PAD14", "B", 1779.8051, -2299.999, 0],
		[27, "PAD15", "T", 1879.8051, -2299.999, 0],
		[28, "PAD15", "B", 1879.8051, -2299.999, 0],
		[29, "PAD16", "T", 1979.8051, -2299.999, 0],
		[30, "PAD16", "B", 1979.8051, -2299.999, 0],
		[31, "PAD17", "T", 2379.8051, -2299.999, 0],
		[32, "PAD17", "B", 2379.8051, -2299.999, 0],
		[33, "PAD18", "T", 2479.8051, -2299.999, 0],
		[34, "PAD18", "B", 2479.8051, -2299.999, 0],
		[35, "PAD19", "T", 2879.8051, -2299.999, 0],
		[36, "PAD19", "B", 2879.8051, -2299.999, 0],
		[37, "PAD20", "T", 1779.8051, -1299.999, 0],
		[38, "PAD20", "B", 1779.8051, -1299.999, 0],
		[39, "PAD21", "T", 1879.8051, -1299.999, 0],
		[40, "PAD21", "B", 1879.8051, -1299.999, 0],
		[41, "PAD22", "T", 1979.8051, -1299.999, 0],
		[42, "PAD22", "B", 1979.8051, -1299.999, 0],
		[43, "PAD23", "T", 2079.8051, -1299.999, 0],
		[44, "PAD23", "B", 2079.8051, -1299.999, 0],
		[45, "PAD24", "T", 2179.8051, -1299.999, 0],
		[46, "PAD24", "B", 2179.8051, -1299.999, 0],
		[47, "PAD25", "T", 2279.8051, -1299.999, 0],
		[48, "PAD25", "B", 2279.8051, -1299.999, 0],
		[49, "PAD26", "T", 2379.8051, -1299.999, 0],
		[50, "PAD26", "B", 2379.8051, -1299.999, 0],
		[51, "PAD27", "T", 2479.8051, -1299.999, 0],
		[52, "PAD27", "B", 2479.8051, -1299.999, 0],
		[53, "PAD28", "T", 1735, -360, 0],
		[54, "PAD28", "B", 1735, -360, 0],
		[55, "PAD29", "T", 1835, -360, 0],
		[56, "PAD29", "B", 1835, -360, 0],
		[57, "PAD30", "T", 1935, -360, 0],
		[58, "PAD30", "B", 1935, -360, 0],
		[59, "PAD31", "T", 2035, -360, 0],
		[60, "PAD31", "B", 2035, -360, 0],
		[61, "PAD32", "T", 2135, -360, 0],
		[62, "PAD32", "B", 2135, -360, 0],
		[63, "PAD33", "T", 2235, -360, 0],
		[64, "PAD33", "B", 2235, -360, 0],
		[65, "PAD34", "T", 1735, -960, 0],
		[66, "PAD34", "B", 1735, -960, 0],
		[67, "PAD35", "T", 1830, -960, 0],
		[68, "PAD35", "B", 1830, -960, 0],
		[69, "PAD36", "T", 1930, -960, 0],
		[70, "PAD36", "B", 1930, -960, 0],
		[71, "PAD37", "T", 2030, -960, 0],
		[72, "PAD37", "B", 2030, -960, 0],
		[73, "PAD38", "T", 2130, -960, 0],
		[74, "PAD38", "B", 2130, -960, 0],
		[75, "PAD39", "T", 2230, -960, 0],
		[76, "PAD39", "B", 2230, -960, 0]
	]
},
"pins": {
	"fields": ["PIN_NO", "PIN_NAME", "PIN_X", "PIN_Y", "LAYER", "PIN_TYPE", "NET_NAME", "NET_TYPE", "PAD_SHAPE", "PAD_SIZEX", "PAD_SIZEY", "HOLE_SIZE", "HOLE_LEN", "PAD_ANGLE"],
	"rows": [
		[1, "LED1_1", 1735, -960, "T", "DIP", "$1N1408", "", "C", 60, 60, 36, 36, 0],
		[2, "LED1_1", 1735, -960, "B", "DIP", "$1N1408", "", "C", 60, 60, 36, 36, 0],
		[3, "LED1_2", 1830, -960, "T", "DIP", "$1N1399", "", "C", 60, 60, 36, 36, 0],
		[4, "LED1_2", 1830, -960, "B", "DIP", "$1N1399", "", "C", 60, 60, 36, 36, 0],
		[5, "LED1_3", 1930, -960, "T", "DIP", "$1N1390", "", "C", 60, 60, 36, 36, 0],
		[6, "LED1_3", 1930, -960, "B", "DIP", "$1N1390", "", "C", 60, 60, 36, 36, 0],
		[7, "LED1_4", 2030, -960, "T", "DIP", "$1N1384", "", "C", 60, 60, 36, 36, 0],
		[8, "LED1_4", 2030, -960, "B", "DIP", "$1N1384", "", "C", 60, 60, 36, 36, 0],
		[9, "LED1_5", 2130, -960, "T", "DIP", "$1N1517", "", "C", 60, 60, 36, 36, 0],
		[10, "LED1_5", 2130, -960, "B", "DIP", "$1N1517", "", "C", 60, 60, 36, 36, 0],
		[11, "LED1_6", 2230, -960, "T", "DIP", "$1N1169", "", "C", 60, 60, 36, 36, 0],
		[12, "LED1_6", 2230, -960, "B", "DIP", "$1N1169", "", "C", 60, 60, 36, 36, 0],
		[13, "LED1_7", 2235, -360, "T", "DIP", "$1N1362", "", "C", 60, 60, 36, 36, 0],
		[14, "LED1_7", 2235, -360, "B", "DIP", "$1N1362", "", "C", 60, 60, 36, 36, 0],
		[15, "LED1_8", 2135, -360, "T", "DIP", "$1N1338", "", "C", 60, 60, 36, 36, 0],
		[16, "LED1_8", 2135, -360, "B", "DIP", "$1N1338", "", "C", 60, 60, 36, 36, 0],
		[17, "LED1_9", 2035, -360, "T", "DIP", "$1N1329", "", "C", 60, 60, 36, 36, 0],
		[18, "LED1_9", 2035, -360, "B", "DIP", "$1N1329", "", "C", 60, 60, 36, 36, 0],
		[19, "LED1_10", 1935, -360, "T", "DIP", "$1N1354", "", "C", 60, 60, 36, 36, 0],
		[20, "LED1_10", 1935, -360, "B", "DIP", "$1N1354", "", "C", 60, 60, 36, 36, 0],
		[21, "LED1_11", 1835, -360, "T", "DIP", "$1N1342", "", "C", 60, 60, 36, 36, 0],
		[22, "LED1_11", 1835, -360, "B", "DIP", "$1N1342", "", "C", 60, 60, 36, 36, 0],
		[23, "LED1_12", 1735, -360, "T", "DIP", "$1N1080", "", "C", 60, 60, 36, 36, 0],
		[24, "LED1_12", 1735, -360, "B", "DIP", "$1N1080", "", "C", 60, 60, 36, 36, 0],
		[25, "R1_1", 3380, -350.34, "T", "SMD", "$1N1080", "", "R", 31.751, 34.016, 0, 0, 270],
		[26, "R1_2", 3380, -409.66, "T", "SMD", "$1N1447", "", "R", 31.751, 34.016, 0, 0, 270],
		[27, "R2_1", 3335, -675.34, "T", "SMD", "$1N1329", "", "R", 31.751, 34.016, 0, 0, 270],
		[28, "R2_2", 3335, -734.66, "T", "SMD", "$1N1443", "", "R", 31.751, 34.016, 0, 0, 270],
		[29, "R3_1", 3310, -1005.34, "T", "SMD", "$1N1338", "", "R", 31.751, 34.016, 0, 0, 270],
		[30, "R3_2", 3310, -1064.66, "T", "SMD", "$1N1242", "", "R", 31.751, 34.016, 0, 0, 270],
		[31, "R4_1", 3245, -1310.34, "T", "SMD", "$1N1169", "", "R", 31.751, 34.016, 0, 0, 270],
		[32, "R4_2", 3245, -1369.66, "T", "SMD", "$1N1255", "", "R", 31.751, 34.016, 0, 0, 270],
		[33, "R5_1", 460.34, -1850, "T", "SMD", "$1N1618", "", "R", 31.751, 34.016, 0, 0, 0],
		[34, "R5_2", 519.66, -1850, "T", "SMD", "$1N1660", "", "R", 31.751, 34.016, 0, 0, 0],
		[35, "SW1_1", 181.42, -2372.95, "T", "DIP", "$1N1666", "", "C", 70.866, 70.866, 47.244, 47.244, 90],
		[36, "SW1_1", 181.42, -2372.95, "B", "DIP", "$1N1666", "", "C", 70.866, 70.866, 47.244, 47.244, 90],
		[37, "SW1_2", 181.42, -2117.05, "T", "DIP", "NET_1", "", "C", 70.866, 70.866, 47.244, 47.244, 90],
		[38, "SW1_2", 181.42, -2117.05, "B", "DIP", "NET_1", "", "C", 70.866, 70.866, 47.244, 47.244, 90],
		[39, "SW1_3", 358.58, -2372.95, "T", "DIP", "NET_2", "", "C", 70.866, 70.866, 47.244, 47.244, 90],
		[40, "SW1_3", 358.58, -2372.95, "B", "DIP", "NET_2", "", "C", 70.866, 70.866, 47.244, 47.244, 90],
		[41, "SW1_4", 358.58, -2117.05, "T", "DIP", "$1N1618", "", "C", 70.866, 70.866, 47.244, 47.244, 90],
		[42, "SW1_4", 358.58, -2117.05, "B", "DIP", "$1N1618", "", "C", 70.866, 70.866, 47.244, 47.244, 90],
		[43, "U1_1", 1079.8051, -2299.999, "T", "DIP", "NET_3", "", "C", 59.055, 59.055, 39.37, 39.37, 0],
		[44, "U1_1", 1079.8051, -2299.999, "B", "DIP", "NET_3", "", "C", 59.055, 59.055, 39.37, 39.37, 0],
		[45, "U1_2", 1179.8051, -2299.999, "T", "DIP", "NET_4", "", "C", 59.055, 59.055, 39.37, 39.37, 0],
		[46, "U1_2", 1179.8051, -2299.999, "B", "DIP", "NET_4", "", "C", 59.055, 59.055, 39.37, 39.37, 0],
		[47, "U1_3", 1279.8051, -2299.999, "T", "DIP", "NET_5", "", "C", 59.055, 59.055, 39.37, 39.37, 0],
		[48, "U1_3", 1279.8051, -2299.999, "B", "DIP", "NET_5", "", "C", 59.055, 59.055, 39.37, 39.37, 0],
		[49, "U1_4", 1379.8051, -2299.999, "T", "DIP", "NET_6", "", "C", 59.055, 59.055, 39.37, 39.37, 0],
		[50, "U1_4", 1379.8051, -2299.999, "B", "DIP", "NET_6", "", "C", 59.055, 59.055, 39.37, 39.37, 0],
		[51, "U1_5", 1479.8051, -2299.999, "T", "DIP", "NET_7", "", "C", 59.055, 59.055, 39.37, 39.37, 0],
		[52, "U1_5", 1479.8051, -2299.999, "B", "DIP", "NET_7", "", "C", 59.055, 59.055, 39.37, 39.37, 0],
		[53, "U1_6", 1579.8051, -2299.999, "T", "DIP", "NET_8", "", "C", 59.055, 59.055, 39.37, 39.37, 0],
		[54, "U1_6", 1579.8051, -2299.999, "B", "DIP", "NET_8", "", "C", 59.055, 59.055, 39.37, 39.37, 0],
		[55, "U1_7", 1679.8051, -2299.999, "T", "DIP", "$1N1447", "", "C", 59.055, 59.055, 39.37, 39.37, 0],
		[56, "U1_7", 1679.8051, -2299.999, "B", "DIP", "$1N1447", "", "C", 59.055, 59.055, 39.37, 39.37, 0],
		[57, "U1_8", 1779.8051, -2299.999, "T", "DIP", "$1N1443", "", "C", 59.055, 59.055, 39.37, 39.37, 0],
		[58, "U1_8", 1779.8051, -2299.999, "B", "DIP", "$1N1443", "", "C", 59.055, 59.055, 39.37, 39.37, 0],
		[59, "U1_9", 1879.8051, -2299.999, "T", "DIP", "$1N1242", "", "C", 59.055, 59.055, 39.37, 39.37, 0],
		[60, "U1_9", 1879.8051, -2299.999, "B", "DIP", "$1N1242", "", "C", 59.055, 59.055, 39.37, 39.37, 0],
		[61, "U1_10", 1979.8051, -2299.999, "T", "DIP", "$1N1255", "", "C", 59.055, 59.055, 39.37, 39.37, 0],
		[62, "U1_10", 1979.8051, -2299.999, "B", "DIP", "$1N1255", "", "C", 59.055, 59.055, 39.37, 39.37, 0],
		[63, "U1_11", 2079.8051, -2299.999, "T", "DIP", "NET_9", "", "C", 59.055, 59.055, 39.37, 39.37, 0],
		[64, "U1_11", 2079.8051, -2299.999, "B", "DIP", "NET_9", "", "C", 59.055, 59.055, 39.37, 39.37, 0],
		[65, "U1_12", 2179.8051, -2299.999, "T", "DIP", "NET_10", "", "C", 59.055, 59.055, 39.37, 39.37, 0],
		[66, "U1_12", 2179.8051, -2299.999, "B", "DIP", "NET_10", "", "C", 59.055, 59.055, 39.37, 39.37, 0],
		[67, "U1_13", 2279.8051, -2299.999, "T", "DIP", "NET_11", "", "C", 59.055, 59.055, 39.37, 39.37, 0],
		[68, "U1_13", 2279.8051, -2299.999, "B", "DIP", "NET_11", "", "C", 59.055, 59.055, 39.37, 39.37, 0],
		[69, "U1_14", 2379.8051, -2299.999, "T", "DIP", "$1N1666", "", "C", 59.055, 59.055, 39.37, 39.37, 0],
		[70, "U1_14", 2379.8051, -2299.999, "B", "DIP", "$1N1666", "", "C", 59.055, 59.055, 39.37, 39.37, 0],
		[71, "U1_15", 2479.8051, -2299.999, "T", "DIP", "$1N1618", "", "C", 59.055, 59.055, 39.37, 39.37, 0],
		[72, "U1_15", 2479.8051, -2299.999, "B", "DIP", "$1N1618", "", "C", 59.055, 59.055, 39.37, 39.37, 0],
		[73, "U1_16", 2579.8051, -2299.999, "T", "DIP", "NET_12", "", "C", 59.055, 59.055, 39.37, 39.37, 0],
		[74, "U1_16", 2579.8051, -2299.999, "B", "DIP", "NET_12", "", "C", 59.055, 59.055, 39.37, 39.37, 0],
		[75, "U1_17", 2679.8051, -2299.999, "T", "DIP", "NET_13", "", "C", 59.055, 59.055, 39.37, 39.37, 0],
		[76, "U1_17", 2679.8051, -2299.999, "B", "DIP", "NET_13", "", "C", 59.055, 59.055, 39.37, 39.37, 0],
		[77, "U1_18", 2779.8051, -2299.999, "T", "DIP", "NET_14", "", "C", 59.055, 59.055, 39.37, 39.37, 0],
		[78, "U1_18", 2779.8051, -2299.999, "B", "DIP", "NET_14", "", "C", 59.055, 59.055, 39.37, 39.37, 0],
		[79, "U1_19", 2879.8051, -2299.999, "T", "DIP", "$1N1660", "", "C", 59.055, 59.055, 39.37, 39.37, 0],
		[80, "U1_19", 2879.8051, -2299.999, "B", "DIP", "$1N1660", "", "C", 59.055, 59.055, 39.37, 39.37, 0],
		[81, "U1_20", 1079.8051, -1299.999, "T", "DIP", "NET_15", "", "C", 59.055, 59.055, 39.37, 39.37, 0],
		[82, "U1_20", 1079.8051, -1299.999, "B", "DIP", "NET_15", "", "C", 59.055, 59.055, 39.37, 39.37, 0],
		[83, "U1_21", 1179.8051, -1299.999, "T", "DIP", "NET_16", "", "C", 59.055, 59.055, 39.37, 39.37, 0],
		[84, "U1_21", 1179.8051, -1299.999, "B", "DIP", "NET_16", "", "C", 59.055, 59.055, 39.37, 39.37, 0],
		[85, "U1_22", 1279.8051, -1299.999, "T", "DIP", "NET_17", "", "C", 59.055, 59.055, 39.37, 39.37, 0],
		[86, "U1_22", 1279.8051, -1299.999, "B", "DIP", "NET_17", "", "C", 59.055, 59.055, 39.37, 39.37, 0],
		[87, "U1_23", 1379.8051, -1299.999, "T", "DIP", "NET_18", "", "C", 59.055, 59.055, 39.37, 39.37, 0],
		[88, "U1_23", 1379.8051, -1299.999, "B", "DIP", "NET_18", "", "C", 59.055, 59.055, 39.37, 39.37, 0],
		[89, "U1_24", 1479.8051, -1299.999, "T", "DIP", "NET_19", "", "C", 59.055, 59.055, 39.37, 39.37, 0],
		[90, "U1_24", 1479.8051, -1299.999, "B", "DIP", "NET_19", "", "C", 59.055, 59.055, 39.37, 39.37, 0],
		[91, "U1_25", 1579.8051, -1299.999, "T", "DIP", "NET_20", "", "C", 59.055, 59.055, 39.37, 39.37, 0],
		[92, "U1_25", 1579.8051, -1299.999, "B", "DIP", "NET_20", "", "C", 59.055, 59.055, 39.37, 39.37, 0],
		[93, "U1_26", 1679.8051, -1299.999, "T", "DIP", "NET_21", "", "C", 59.055, 59.055, 39.37, 39.37, 0],
		[94, "U1_26", 1679.8051, -1299.999, "B", "DIP", "NET_21", "", "C", 59.055, 59.055, 39.37, 39.37, 0],
		[95, "U1_27", 1779.8051, -1299.999, "T", "DIP", "$1N1342", "", "C", 59.055, 59.055, 39.37, 39.37, 0],
		[96, "U1_27", 1779.8051, -1299.999, "B", "DIP", "$1N1342", "", "C", 59.055, 59.055, 39.37, 39.37, 0],
		[97, "U1_28", 1879.8051, -1299.999, "T", "DIP", "$1N1362", "", "C", 59.055, 59.055, 39.37, 39.37, 0],
		[98, "U1_28", 1879.8051, -1299.999, "B", "DIP", "$1N1362", "", "C", 59.055, 59.055, 39.37, 39.37, 0],
		[99, "U1_29", 1979.8051, -1299.999, "T", "DIP", "$1N1384", "", "C", 59.055, 59.055, 39.37, 39.37, 0],
		[100, "U1_29", 1979.8051, -1299.999, "B", "DIP", "$1N1384", "", "C", 59.055, 59.055, 39.37, 39.37, 0],
		[101, "U1_30", 2079.8051, -1299.999, "T", "DIP", "$1N1399", "", "C", 59.055, 59.055, 39.37, 39.37, 0],
		[102, "U1_30", 2079.8051, -1299.999, "B", "DIP", "$1N1399", "", "C", 59.055, 59.055, 39.37, 39.37, 0],
		[103, "U1_31", 2179.8051, -1299.999, "T", "DIP", "$1N1408", "", "C", 59.055, 59.055, 39.37, 39.37, 0],
		[104, "U1_31", 2179.8051, -1299.999, "B", "DIP", "$1N1408", "", "C", 59.055, 59.055, 39.37, 39.37, 0],
		[105, "U1_32", 2279.8051, -1299.999, "T", "DIP", "$1N1354", "", "C", 59.055, 59.055, 39.37, 39.37, 0],
		[106, "U1_32", 2279.8051, -1299.999, "B", "DIP", "$1N1354", "", "C", 59.055, 59.055, 39.37, 39.37, 0],
		[107, "U1_33", 2379.8051, -1299.999, "T", "DIP", "$1N1517", "", "C", 59.055, 59.055, 39.37, 39.37, 0],
		[108, "U1_33", 2379.8051, -1299.999, "B", "DIP", "$1N1517", "", "C", 59.055, 59.055, 39.37, 39.37, 0],
		[109, "U1_34", 2479.8051, -1299.999, "T", "DIP", "$1N1390", "", "C", 59.055, 59.055, 39.37, 39.37, 0],
		[110, "U1_34", 2479.8051, -1299.999, "B", "DIP", "$1N1390", "", "C", 59.055, 59.055, 39.37, 39.37, 0],
		[111, "U1_35", 2579.8051, -1299.999, "T", "DIP", "NET_22", "", "C", 59.055, 59.055, 39.37, 39.37, 0],
		[112, "U1_35", 2579.8051, -1299.999, "B", "DIP", "NET_22", "", "C", 59.055, 59.055, 39.37, 39.37, 0],
		[113, "U1_36", 2679.8051, -1299.999, "T", "DIP", "NET_23", "", "C", 59.055, 59.055, 39.37, 39.37, 0],
		[114, "U1_36", 2679.8051, -1299.999, "B", "DIP", "NET_23", "", "C", 59.055, 59.055, 39.37, 39.37, 0],
		[115, "U1_37", 2779.8051, -1299.999, "T", "DIP", "NET_24", "", "C", 59.055, 59.055, 39.37, 39.37, 0],
		[116, "U1_37", 2779.8051, -1299.999, "B", "DIP", "NET_24", "", "C", 59.055, 59.055, 39.37, 39.37, 0],
		[117, "U1_38", 2879.8051, -1299.999, "T", "DIP", "NET_25", "", "C", 59.055, 59.055, 39.37, 39.37, 0],
		[118, "U1_38", 2879.8051, -1299.999, "B", "DIP", "NET_25", "", "C", 59.055, 59.055, 39.37, 39.37, 0],
		[119, "PAD1_2", 3380, -409.66, "T", "SMD", "$1N1447", "", "R", 31.751, 34.016, 0, 0, 270],
		[120, "PAD2_1", 3380, -350.34, "T", "SMD", "$1N1080", "", "R", 31.751, 34.016, 0, 0, 270],
		[121, "PAD3_2", 3335, -734.66, "T", "SMD", "$1N1443", "", "R", 31.751, 34.016, 0, 0, 270],
		[122, "PAD4_1", 3335, -675.34, "T", "SMD", "$1N1329", "", "R", 31.751, 34.016, 0, 0, 270],
		[123, "PAD5_2", 3310, -1064.66, "T", "SMD", "$1N1242", "", "R", 31.751, 34.016, 0, 0, 270],
		[124, "PAD6_1", 3310, -1005.34, "T", "SMD", "$1N1338", "", "R", 31.751, 34.016, 0, 0, 270],
		[125, "PAD7_2", 3245, -1369.66, "T", "SMD", "$1N1255", "", "R", 31.751, 34.016, 0, 0, 270],
		[126, "PAD8_1", 3245, -1310.34, "T", "SMD", "$1N1169", "", "R", 31.751, 34.016, 0, 0, 270],
		[127, "PAD9_2", 519.66, -1850, "T", "SMD", "$1N1660", "", "R", 31.751, 34.016, 0, 0, 0],
		[128, "PAD10_1", 460.34, -1850, "T", "SMD", "$1N1618", "", "R", 31.751, 34.016, 0, 0, 0],
		[129, "PAD11_1", 181.42, -2372.95, "T", "DIP", "$1N1666", "", "C", 70.866, 70.866, 47.244, 47.244, 90],
		[130, "PAD11_1", 181.42, -2372.95, "B", "DIP", "$1N1666", "", "C", 70.866, 70.866, 47.244, 47.244, 90],
		[131, "PAD12_4", 358.58, -2117.05, "T", "DIP", "$1N1618", "", "C", 70.866, 70.866, 47.244, 47.244, 90],
		[132, "PAD12_4", 358.58, -2117.05, "B", "DIP", "$1N1618", "", "C", 70.866, 70.866, 47.244, 47.244, 90],
		[133, "PAD13_7", 1679.8051, -2299.999, "T", "DIP", "$1N1447", "", "C", 59.055, 59.055, 39.37, 39.37, 0],
		[134, "PAD13_7", 1679.8051, -2299.999, "B", "DIP", "$1N1447", "", "C", 59.055, 59.055, 39.37, 39.37, 0],
		[135, "PAD14_8", 1779.8051, -2299.999, "T", "DIP", "$1N1443", "", "C", 59.055, 59.055, 39.37, 39.37, 0],
		[136, "PAD14_8", 1779.8051, -2299.999, "B", "DIP", "$1N1443", "", "C", 59.055, 59.055, 39.37, 39.37, 0],
		[137, "PAD15_9", 1879.8051, -2299.999, "T", "DIP", "$1N1242", "", "C", 59.055, 59.055, 39.37, 39.37, 0],
		[138, "PAD15_9", 1879.8051, -2299.999, "B", "DIP", "$1N1242", "", "C", 59.055, 59.055, 39.37, 39.37, 0],
		[139, "PAD16_10", 1979.8051, -2299.999, "T", "DIP", "$1N1255", "", "C", 59.055, 59.055, 39.37, 39.37, 0],
		[140, "PAD16_10", 1979.8051, -2299.999, "B", "DIP", "$1N1255", "", "C", 59.055, 59.055, 39.37, 39.37, 0],
		[141, "PAD17_14", 2379.8051, -2299.999, "T", "DIP", "$1N1666", "", "C", 59.055, 59.055, 39.37, 39.37, 0],
		[142, "PAD17_14", 2379.8051, -2299.999, "B", "DIP", "$1N1666", "", "C", 59.055, 59.055, 39.37, 39.37, 0],
		[143, "PAD18_15", 2479.8051, -2299.999, "T", "DIP", "$1N1618", "", "C", 59.055, 59.055, 39.37, 39.37, 0],
		[144, "PAD18_15", 2479.8051, -2299.999, "B", "DIP", "$1N1618", "", "C", 59.055, 59.055, 39.37, 39.37, 0],
		[145, "PAD19_19", 2879.8051, -2299.999, "T", "DIP", "$1N1660", "", "C", 59.055, 59.055, 39.37, 39.37, 0],
		[146, "PAD19_19", 2879.8051, -2299.999, "B", "DIP", "$1N1660", "", "C", 59.055, 59.055, 39.37, 39.37, 0],
		[147, "PAD20_27", 1779.8051, -1299.999, "T", "DIP", "$1N1342", "", "C", 59.055, 59.055, 39.37, 39.37, 0],
		[148, "PAD20_27", 1779.8051, -1299.999, "B", "DIP", "$1N1342", "", "C", 59.055, 59.055, 39.37, 39.37, 0],
		[149, "PAD21_28", 1879.8051, -1299.999, "T", "DIP", "$1N1362", "", "C", 59.055, 59.055, 39.37, 39.37, 0],
		[150, "PAD21_28", 1879.8051, -1299.999, "B", "DIP", "$1N1362", "", "C", 59.055, 59.055, 39.37, 39.37, 0],
		[151, "PAD22_29", 1979.8051, -1299.999, "T", "DIP", "$1N1384", "", "C", 59.055, 59.055, 39.37, 39.37, 0],
		[152, "PAD22_29", 1979.8051, -1299.999, "B", "DIP", "$1N1384", "", "C", 59.055, 59.055, 39.37, 39.37, 0],
		[153, "PAD23_30", 2079.8051, -1299.999, "T", "DIP", "$1N1399", "", "C", 59.055, 59.055, 39.37, 39.37, 0],
		[154, "PAD23_30", 2079.8051, -1299.999, "B", "DIP", "$1N1399", "", "C", 59.055, 59.055, 39.37, 39.37, 0],
		[155, "PAD24_31", 2179.8051, -1299.999, "T", "DIP", "$1N1408", "", "C", 59.055, 59.055, 39.37, 39.37, 0],
		[156, "PAD24_31", 2179.8051, -1299.999, "B", "DIP", "$1N1408", "", "C", 59.055, 59.055, 39.37, 39.37, 0],
		[157, "PAD25_32", 2279.8051, -1299.999, "T", "DIP", "$1N1354", "", "C", 59.055, 59.055, 39.37, 39.37, 0],
		[158, "PAD25_32", 2279.8051, -1299.999, "B", "DIP", "$1N1354", "", "C", 59.055, 59.055, 39.37, 39.37, 0],
		[159, "PAD26_33", 2379.8051, -1299.999, "T", "DIP", "$1N1517", "", "C", 59.055, 59.055, 39.37, 39.37, 0],
		[160, "PAD26_33", 2379.8051, -1299.999, "B", "DIP", "$1N1517", "", "C", 59.055, 59.055, 39.37, 39.37, 0],
		[161, "PAD27_34", 2479.8051, -1299.999, "T", "DIP", "$1N1390", "", "C", 59.055, 59.055, 39.37, 39.37, 0],
		[162, "PAD27_34", 2479.8051, -1299.999, "B", "DIP", "$1N1390", "", "C", 59.055, 59.055, 39.37, 39.37, 0],
		[163, "PAD28_12", 1735, -360, "T", "DIP", "$1N1080", "", "C", 60, 60, 36, 36, 0],
		[164, "PAD28_12", 1735, -360, "B", "DIP", "$1N1080", "", "C", 60, 60, 36, 36, 0],
		[165, "PAD29_11", 1835, -360, "T", "DIP", "$1N1342", "", "C", 60, 60, 36, 36, 0],
		[166, "PAD29_11", 1835, -360, "B", "DIP", "$1N1342", "", "C", 60, 60, 36, 36, 0],
		[167, "PAD30_10", 1935, -360, "T", "DIP", "$1N1354", "", "C", 60, 60, 36, 36, 0],
		[168, "PAD30_10", 1935, -360, "B", "DIP", "$1N1354", "", "C", 60, 60, 36, 36, 0],
		[169, "PAD31_9", 2035, -360, "T", "DIP", "$1N1329", "", "C", 60, 60, 36, 36, 0],
		[170, "PAD31_9", 2035, -360, "B", "DIP", "$1N1329", "", "C", 60, 60, 36, 36, 0],
		[171, "PAD32_8", 2135, -360, "T", "DIP", "$1N1338", "", "C", 60, 60, 36, 36, 0],
		[172, "PAD32_8", 2135, -360, "B", "DIP", "$1N1338", "", "C", 60, 60, 36, 36, 0],
		[173, "PAD33_7", 2235, -360, "T", "DIP", "$1N1362", "", "C", 60, 60, 36, 36, 0],
		[174, "PAD33_7", 2235, -360, "B", "DIP", "$1N1362", "", "C", 60, 60, 36, 36, 0],
		[175, "PAD34_1", 1735, -960, "T", "DIP", "$1N1408", "", "C", 60, 60, 36, 36, 0],
		[176, "PAD34_1", 1735, -960, "B", "DIP", "$1N1408", "", "C", 60, 60, 36, 36, 0],
		[177, "PAD35_2", 1830, -960, "T", "DIP", "$1N1399", "", "C", 60, 60, 36, 36, 0],
		[178, "PAD35_2", 1830, -960, "B", "DIP", "$1N1399", "", "C", 60, 60, 36, 36, 0],
		[179, "PAD36_3", 1930, -960, "T", "DIP", "$1N1390", "", "C", 60, 60, 36, 36, 0],
		[180, "PAD36_3", 1930, -960, "B", "DIP", "$1N1390", "", "C", 60, 60, 36, 36, 0],
		[181, "PAD37_4", 2030, -960, "T", "DIP", "$1N1384", "", "C", 60, 60, 36, 36, 0],
		[182, "PAD37_4", 2030, -960, "B", "DIP", "$1N1384", "", "C", 60, 60, 36, 36, 0],
		[183, "PAD38_5", 2130, -960, "T", "DIP", "$1N1517", "", "C", 60, 60, 36, 36, 0],
		[184, "PAD38_5", 2130, -960, "B", "DIP", "$1N1517", "", "C", 60, 60, 36, 36, 0],
		[185, "PAD39_6", 2230, -960, "T", "DIP", "$1N1169", "", "C", 60, 60, 36, 36, 0],
		[186, "PAD39_6", 2230, -960, "B", "DIP", "$1N1169", "", "C", 60, 60, 36, 36, 0]
	]
}
}